archivo,origen,bytes
assets/img/marca/logo-mgm.svg,https://mgmperu.com/wp-content/uploads/2024/02/Recurso-1.svg,2438
assets/img/marca/logo-mgm-blanco.svg,https://mgmperu.com/wp-content/uploads/2024/05/Recurso-3eeeeeeeeeb.svg,14308
assets/img/equipo/roberto-martinez.png,https://mgmperu.com/wp-content/uploads/2024/05/2.png,984097
assets/img/oficina/asesoria-empresarial.jpg,https://mgmperu.com/wp-content/uploads/2024/11/coworkers-with-papers-office-scaled.jpg,482437
assets/img/servicios/gestion-contable.jpg,https://mgmperu.com/wp-content/uploads/2024/11/the-accounting-team-is-using-the-calculator-in-the-2021-08-26-17-53-53-utc.jpg,70269
assets/img/servicios/asesoria-tributaria.jpg,https://mgmperu.com/wp-content/uploads/2024/11/preparing-annual-accounts-with-coworkers-2021-09-24-03-52-53-utc.jpg,234149
assets/img/servicios/asesoria-legal.jpg,https://mgmperu.com/wp-content/uploads/2024/11/businessman-hand-sign-after-lawyer-providing-legal-consult-dispute-service-at-the-office.jpg,82939
assets/img/servicios/constitucion-empresa.jpg,https://mgmperu.com/wp-content/uploads/2024/11/group-of-business-people-signing-a-contract-with-handshake.jpg,93768
assets/fonts/inter-latin-variable.woff2,https://fonts.gstatic.com/s/inter/v20/UcC73FwrK3iLTeHuS_nVMrMxCp50SjIa1ZL7.woff2,48256
assets/img/servicios/brochure-servicio-auditoria-financiera.jpg,BROCHURE MGM.pdf · edición 2026,98408
assets/img/servicios/brochure-servicio-auditoria-tributaria.jpg,BROCHURE MGM.pdf · edición 2026,141870
assets/img/servicios/brochure-servicio-contable.jpg,BROCHURE MGM.pdf · edición 2026,104014
assets/img/servicios/brochure-servicio-empresa.jpg,BROCHURE MGM.pdf · edición 2026,212188
assets/img/servicios/brochure-servicio-financiero.jpg,BROCHURE MGM.pdf · edición 2026,141648
assets/img/servicios/brochure-servicio-laboral.jpg,BROCHURE MGM.pdf · edición 2026,225699
assets/img/servicios/brochure-servicio-legal.jpg,BROCHURE MGM.pdf · edición 2026,131874
assets/img/servicios/brochure-servicio-tributario.jpg,BROCHURE MGM.pdf · edición 2026,119202
assets/img/clientes/cliente-ae.png,BROCHURE MGM.pdf · edición 2026,19157
assets/img/clientes/cliente-grupo-2b.png,BROCHURE MGM.pdf · edición 2026,14886
assets/img/clientes/cliente-innoteam.png,BROCHURE MGM.pdf · edición 2026,37188
assets/img/clientes/cliente-metropolis.png,BROCHURE MGM.pdf · edición 2026,68916
assets/img/clientes/cliente-qummar.png,BROCHURE MGM.pdf · edición 2026,57113
assets/img/clientes/cliente-stobelpa.png,BROCHURE MGM.pdf · edición 2026,20125
assets/img/clientes/cliente-trauma-medical.png,BROCHURE MGM.pdf · edición 2026,38155
assets/img/clientes/cliente-your-goal.png,BROCHURE MGM.pdf · edición 2026,85814
assets/img/clientes/cliente-zhou-tang.png,BROCHURE MGM.pdf · edición 2026,28197
assets/img/tecnologia/plataforma-buk.png,BROCHURE MGM.pdf · edición 2026,10711
assets/img/tecnologia/plataforma-odoo.png,BROCHURE MGM.pdf · edición 2026,13757
assets/img/oficina/agenda-oficina.jpg,Imagen referencial generada de la propuesta visual aprobada,13812
assets/img/oficina/atencion-cercana.jpg,Imagen referencial generada de la propuesta visual aprobada,13178
assets/img/oficina/contacto-oficina.jpg,Imagen referencial generada de la propuesta visual aprobada,19415
assets/img/equipo/equipo-foto-pendiente.jpg,Imagen referencial generada de la propuesta visual aprobada,4749
assets/img/mapa/mapa-referencial.jpg,Imagen referencial generada de la propuesta visual aprobada,10734
assets/img/oficina/mirada-integral.jpg,Imagen referencial generada de la propuesta visual aprobada,11322
assets/img/oficina/nosotros-equipo-referencial.jpg,Imagen referencial generada de la propuesta visual aprobada,92649
assets/img/oficina/oficina-mgm.jpg,Imagen referencial generada de la propuesta visual aprobada,27827
assets/img/oficina/proceso-asesoria.jpg,Imagen referencial generada de la propuesta visual aprobada,17515
assets/img/resenas/resena-empresa-01.jpg,Imagen referencial generada de la propuesta visual aprobada,7744
assets/img/resenas/resena-empresa-02.jpg,Imagen referencial generada de la propuesta visual aprobada,8641
assets/img/resenas/resena-empresa-03.jpg,Imagen referencial generada de la propuesta visual aprobada,8604
assets/img/resenas/resena-empresa-04.jpg,Imagen referencial generada de la propuesta visual aprobada,8461
assets/img/resenas/resena-empresa-05.jpg,Imagen referencial generada de la propuesta visual aprobada,7087
assets/img/resenas/resena-empresa-06.jpg,Imagen referencial generada de la propuesta visual aprobada,8705
assets/img/resenas/resena-empresa-07.jpg,Imagen referencial generada de la propuesta visual aprobada,7982
assets/img/resenas/resenas-portada.jpg,Imagen referencial generada de la propuesta visual aprobada,20134
assets/img/servicios/servicio-contable.jpg,Imagen referencial generada de la propuesta visual aprobada,11302
assets/img/servicios/servicio-empresa.jpg,Imagen referencial generada de la propuesta visual aprobada,13454
assets/img/servicios/servicio-legal.jpg,Imagen referencial generada de la propuesta visual aprobada,13767
assets/img/servicios/servicio-nominas.jpg,Imagen referencial generada de la propuesta visual aprobada,10311
assets/img/servicios/servicio-tributario.jpg,Imagen referencial generada de la propuesta visual aprobada,7577
assets/img/servicios/servicios-portada.jpg,Imagen referencial generada de la propuesta visual aprobada,15826
